Top pages,Clicks,Impressions,CTR,Position
https://acepropertieskc.com/,17.0,739.0,0.023,12.96
https://acepropertieskc.com/solutions/probate-house/,2.0,85.0,0.0235,18.04
https://acepropertieskc.com/areas/overland-park-ks/,1.0,738.0,0.0014000000000000002,32.05
https://acepropertieskc.com/areas/kansas-city-mo/,1.0,211.0,0.004699999999999999,32.67
https://acepropertieskc.com/options/,1.0,68.0,0.0147,16.19
https://acepropertieskc.com/areas/64113/,1.0,6.0,0.16670000000000001,25.17
https://acepropertieskc.com/solutions/sell-house-fast/,0.0,2784.0,0.0,45.03
https://acepropertieskc.com/areas/olathe-ks/,0.0,751.0,0.0,27.95
https://acepropertieskc.com/areas/shawnee-ks/,0.0,575.0,0.0,21.72
https://acepropertieskc.com/areas/independence-mo/,0.0,572.0,0.0,32.42
https://acepropertieskc.com/areas/66109/,0.0,194.0,0.0,13.61
https://acepropertieskc.com/areas/lees-summit-mo/,0.0,158.0,0.0,40.34
https://acepropertieskc.com/solutions/inherited-house/,0.0,138.0,0.0,20.8
https://acepropertieskc.com/areas/,0.0,105.0,0.0,21.51
https://acepropertieskc.com/areas/lenexa-ks/,0.0,84.0,0.0,26.85
https://acepropertieskc.com/solutions/vacant-house/,0.0,75.0,0.0,22.56
https://acepropertieskc.com/solutions/,0.0,68.0,0.0,15.96
https://acepropertieskc.com/resources/sell-house-before-foreclosure-auction-kansas-city/,0.0,42.0,0.0,47.86
https://acepropertieskc.com/sell-house-as-is-kansas-city/,0.0,35.0,0.0,43.86
https://acepropertieskc.com/solutions/relocating/,0.0,28.0,0.0,28.64
https://acepropertieskc.com/areas/64131/,0.0,23.0,0.0,21.35
https://acepropertieskc.com/areas/north-kansas-city-mo/,0.0,22.0,0.0,4.23
https://acepropertieskc.com/#how-it-works,0.0,16.0,0.0,4.06
https://acepropertieskc.com/resources/selling-house-in-probate-overland-park-olathe/,0.0,10.0,0.0,12.7
https://acepropertieskc.com/resources/sell-house-after-parents-died-kansas-city/,0.0,10.0,0.0,15.7
https://acepropertieskc.com/solutions/pre-foreclosure/,0.0,9.0,0.0,4.89
https://acepropertieskc.com/resources/sell-rental-house-with-bad-tenant-kansas-city/,0.0,8.0,0.0,14.5
https://acepropertieskc.com/seller-stories/,0.0,8.0,0.0,19.38
https://acepropertieskc.com/resources/sell-house-behind-on-payments-kansas-city/,0.0,7.0,0.0,6.14
https://acepropertieskc.com/resources/sell-house-with-foundation-problems-kansas-city/,0.0,6.0,0.0,8.5
https://acepropertieskc.com/about/,0.0,5.0,0.0,10.8
https://acepropertieskc.com/get-offer/,0.0,5.0,0.0,10.8
https://acepropertieskc.com/resources/,0.0,5.0,0.0,10.8
https://acepropertieskc.com/resources/take-over-payments-house-kansas-city/,0.0,4.0,0.0,4.5
https://acepropertieskc.com/resources/sell-house-full-of-stuff-kansas-city/,0.0,4.0,0.0,5.0
https://acepropertieskc.com/resources/sell-house-with-code-violations-kansas-city/,0.0,4.0,0.0,5.25
https://acepropertieskc.com/resources/sell-house-with-back-taxes-kansas-city/,0.0,3.0,0.0,6.67
https://acepropertieskc.com/areas/fairway-ks/,0.0,3.0,0.0,7.33
https://acepropertieskc.com/resources/jackson-county-cash-home-buyers/,0.0,2.0,0.0,6.5
https://acepropertieskc.com/take-over-payments-kansas-city/,0.0,2.0,0.0,8.0
https://acepropertieskc.com/resources/sell-fire-damaged-house-kansas-city/,0.0,2.0,0.0,20.5
https://acepropertieskc.com/resources/kansas-city-as-is-seller-zip-codes/,0.0,2.0,0.0,21.0
https://acepropertieskc.com/resources/vacant-house-carrying-cost-calculator/,0.0,2.0,0.0,24.5
https://acepropertieskc.com/resources/sell-condo-that-will-not-sell-kansas-city/,0.0,1.0,0.0,2.0
https://acepropertieskc.com/resources/creative-home-buyer-kansas-city/,0.0,1.0,0.0,4.0
https://acepropertieskc.com/areas/66102/,0.0,1.0,0.0,6.0
https://acepropertieskc.com/areas/westwood-ks/,0.0,1.0,0.0,6.0
https://acepropertieskc.com/areas/64132/,0.0,1.0,0.0,7.0
https://acepropertieskc.com/areas/66212/,0.0,1.0,0.0,8.0
https://acepropertieskc.com/resources/sell-house-with-water-damage-kansas-city/,0.0,1.0,0.0,9.0
https://acepropertieskc.com/seller-stories/river-market-condo-payment-takeover/,0.0,1.0,0.0,10.0
https://acepropertieskc.com/resources/sell-dated-house-as-is-kansas-city/,0.0,1.0,0.0,12.0
https://acepropertieskc.com/resources/sell-house-before-moving-kansas-city/,0.0,1.0,0.0,12.0
https://acepropertieskc.com/sell-my-house-fast-kansas-city/,0.0,1.0,0.0,44.0
https://acepropertieskc.com/behind-on-mortgage-kansas-city/,0.0,1.0,0.0,98.0
https://acepropertieskc.com/areas/66104/,0.0,1.0,0.0,101.0
