Top queries,Clicks,Impressions,CTR,Position
ace properties,1,26,0.0385,18.12
ace homes,1,8,0.125,16.12
probate properties,1,2,0.5,2.5
sell my house fast kansas city,0,725,0.0,43.29
sell your house fast kansas city,0,230,0.0,61.24
sell my house fast overland park,0,210,0.0,29.65
sell my house fast kansas city missouri,0,206,0.0,65.4
sell my house fast kansas city mo,0,193,0.0,58.59
cash home buyers in overland park,0,173,0.0,20.57
sell my house fast olathe,0,159,0.0,15.97
we buy houses olathe ks,0,144,0.0,31.1
sell my house fast in kansas city,0,135,0.0,64.17
sell my house as is olathe kansas,0,126,0.0,18.52
sell my house fast overland park ks,0,124,0.0,31.47
sell house fast kansas city,0,122,0.0,38.52
sell my house shawnee ks,0,121,0.0,10.65
we buy houses shawnee,0,113,0.0,6.98
sell my house fast lee's summit,0,103,0.0,33.42
sell my house fast olathe kansas,0,101,0.0,30.01
we buy houses olathe,0,96,0.0,27.01
sell my house as is overland park kansas,0,91,0.0,25.44
sell my house fast overland park kansas,0,85,0.0,41.47
we buy houses in olathe ks,0,84,0.0,28.19
sell your house fast in overland park,0,81,0.0,26.83
sell my house as is shawnee kansas,0,80,0.0,15.72
sell my house as is independence missouri,0,71,0.0,31.86
sell my house for cash overland park kansas,0,71,0.0,45.77
sell my house fast kansas city kansas,0,70,0.0,57.49
sell my house fast olathe ks,0,68,0.0,23.49
sell my house for cash shawnee kansas,0,67,0.0,28.49
sell my house for cash independence missouri,0,65,0.0,44.23
sell my house as is kansas city missouri,0,59,0.0,74.95
we buy houses olathe kansas,0,55,0.0,35.67
sell my overland park house fast,0,50,0.0,28.14
kc cash home buyers close in two weeks,0,49,0.0,1.57
we buy houses shawnee ks,0,49,0.0,9.24
we buy houses shawnee kansas,0,48,0.0,15.29
we buy houses in overland park,0,44,0.0,39.45
sell my house fast shawnee kansas,0,43,0.0,34.91
sell my house fast independence missouri,0,43,0.0,44.86
sell my inherited house fast in kansas city,0,39,0.0,22.62
sell your house quickly kansas city,0,37,0.0,46.24
sell my house fast kc,0,37,0.0,59.57
sell my house for cash independence,0,36,0.0,34.42
sell my house fast lee's summit mo,0,36,0.0,58.28
we buy houses lenexa,0,34,0.0,11.56
selling a house in probate in kansas city,0,34,0.0,20.24
cash home buyers overland park ks,0,33,0.0,17.79
cash for houses independence,0,31,0.0,11.87
sell my inherited house in overland park ks,0,31,0.0,13.55
sell my house in probate in kansas city,0,31,0.0,21.26
sell my house for cash olathe kansas,0,31,0.0,28.84
sell my house as is lees summit missouri,0,31,0.0,45.52
sell your house fast in kansas city mo,0,31,0.0,57.58
sell inherited house in kansas city,0,30,0.0,14.0
selling a house in probate overland park,0,30,0.0,19.73
sell your house in shawnee kansas,0,29,0.0,12.52
we buy your house cash jackson county mo,0,27,0.0,9.11
sell my house independence mo,0,27,0.0,20.37
sell my house fast johnson county kansas,0,26,0.0,9.54
sell house fast kc,0,26,0.0,43.85
independence we buy houses,0,25,0.0,21.96
sell your house quickly independence,0,25,0.0,36.68
sell my house fast lenexa kansas,0,25,0.0,39.04
sell my house fast kansas city ks,0,24,0.0,33.92
sell my house fast independence,0,24,0.0,41.62
sell your house fast in kansas city,0,24,0.0,56.42
sell inherited house kansas city,0,23,0.0,11.83
sell your house fast in independence mo,0,23,0.0,29.48
we buy houses overland park kansas,0,23,0.0,45.48
sell my house as is kansas city kansas,0,23,0.0,66.35
sell vacant house kansas city,0,22,0.0,3.32
buy my house lenexa,0,22,0.0,9.32
cash home buyers overland park,0,22,0.0,19.41
cash home buyers in shawnee,0,22,0.0,58.18
sell my house fast shawnee,0,21,0.0,32.76
we buy houses independence missouri,0,20,0.0,47.5
sell house probate kansas city,0,18,0.0,15.17
sell my olathe house fast,0,17,0.0,28.41
sell my house fast lees summit missouri,0,17,0.0,38.59
sell my house fast in kansas city mo,0,16,0.0,55.06
"""kc cash home buyers"" ""close in two weeks""",0,15,0.0,1.47
buy houses in cash overland park ks,0,15,0.0,28.2
sell my house fast kansas,0,15,0.0,32.33
we buy houses overland park ks,0,15,0.0,44.87
need to sell my house fast kansas city,0,15,0.0,54.27
"title and escrow olathe, ks",0,15,0.0,60.53
sell my house for cash olathe,0,14,0.0,20.29
sell my house fast independence mo,0,14,0.0,50.57
ace property solutions,0,13,0.0,13.92
cash house buyers overland park,0,13,0.0,17.62
sell my parents house kansas city,0,13,0.0,28.31
sell my house fast shawnee ks,0,13,0.0,35.0
cash home buyers kansas city timeline speed,0,12,0.0,4.92
we buy houses in shawnee,0,12,0.0,20.33
cash for my house overland park,0,12,0.0,21.25
sell your house in overland park kansas,0,12,0.0,29.17
overland park park home buyers,0,11,0.0,22.27
sell my house fast kc metro kansas missouri,0,11,0.0,25.82
ace property,0,11,0.0,40.09
sell my house for cash lees summit missouri,0,11,0.0,43.36
how to sell house fast in kansas city mo in two weeks,0,10,0.0,1.0
home for sale kansas city ks 66109,0,10,0.0,11.3
cash for my house lenexa,0,10,0.0,16.3
cash for houses overland park,0,10,0.0,22.3
sell my house fast lenexa ks,0,10,0.0,32.3
sell your house kansas city overland park kansas,0,10,0.0,34.4
sell my home fast overland park,0,10,0.0,38.6
shawnee ks foreclosures for sale,0,10,0.0,41.6
we buy houses overland park,0,10,0.0,45.5
how to sell my house in two weeks kc,0,9,0.0,6.11
sell my johnson county house fast,0,9,0.0,19.44
cash for homes overland park ks,0,9,0.0,24.11
ace real estate,0,9,0.0,35.56
sell my kansas city house fast,0,9,0.0,39.22
stop foreclosure fast in kansas city,0,9,0.0,52.11
ace property solutions llc,0,8,0.0,3.12
ace properties llc,0,8,0.0,12.62
sell my house as is no repairs kansas city,0,8,0.0,19.5
sell my house fast waldo kansas city mo,0,8,0.0,20.12
home buyers in overland park,0,8,0.0,30.88
olathe ks foreclosures,0,8,0.0,36.0
sell my house fast lees summit mo,0,8,0.0,40.38
sell my house fast raytown mo,0,8,0.0,46.12
sell house fast for job transfer,0,8,0.0,49.0
sell my home fast kansas city missouri,0,8,0.0,49.62
ace kansas city,0,8,0.0,49.75
sell my house as is kansas city,0,8,0.0,63.0
buy my house shawnee,0,7,0.0,9.29
cash for homes independence mo,0,7,0.0,11.86
sell house fast jackson county mo,0,7,0.0,16.71
sell house as is kansas city,0,7,0.0,53.71
real estate closing kansas city,0,7,0.0,62.43
sell my house kansas city,0,7,0.0,75.57
"house for sale kansas city, ks 66109",0,6,0.0,13.83
cash for my house olathe,0,6,0.0,23.5
ace house,0,6,0.0,31.0
sell my house fast lee s summit mo,0,6,0.0,42.33
sell my house fast in kansas city kansas,0,6,0.0,49.33
complete real estate solutions llc,0,6,0.0,50.33
stop foreclosure fast kansas city,0,6,0.0,57.5
complete real estate solutions,0,6,0.0,62.67
vacant property services,0,6,0.0,79.5
ace solutions,0,5,0.0,5.2
"""stop ace"" ""evaluate only own properties""",0,5,0.0,10.6
66109 homes for sale,0,5,0.0,12.8
sell my house overland park,0,5,0.0,27.0
buy my house overland park,0,5,0.0,28.4
overland park homes for sale by owner,0,5,0.0,31.8
sell my house fast in shawnee kansas,0,5,0.0,33.2
independence mo foreclosures,0,5,0.0,33.8
sell my house for cash overland park,0,5,0.0,35.0
foreclosures in 64105,0,5,0.0,38.6
homes for sale 64131,0,5,0.0,44.6
sell my house fast kansas city metro kansas/missouri,0,5,0.0,50.2
sell house fast in kc,0,5,0.0,52.8
sell my home fast kansas city,0,5,0.0,55.6
we buy houses cash kc,0,5,0.0,62.6
elizabeth city sell house fast,0,5,0.0,64.4
sell my house fast florissant missouri,0,5,0.0,69.0
sell my house fast springfield missouri,0,5,0.0,69.2
kansas city cash home buyers fast closing two weeks,0,4,0.0,1.0
"""stop ace: evaluate only own properties""",0,4,0.0,8.75
the ace home buyers,0,4,0.0,25.25
independence cash home buyers,0,4,0.0,30.0
64131 homes for sale,0,4,0.0,30.5
sell my house independence,0,4,0.0,32.75
shawnee ks foreclosures,0,4,0.0,34.25
companies that buy houses fast for job relocation,0,4,0.0,36.0
homes for sale in 64131,0,4,0.0,36.0
sell my house fast kansas city mo and ks,0,4,0.0,36.5
ace homes llc,0,4,0.0,40.75
black swan estates shawnee ks,0,4,0.0,45.5
foreclosure kansas city,0,4,0.0,47.75
sell your home fast for cash kansas city,0,4,0.0,50.0
cottonwood canyon lenexa,0,4,0.0,62.75
sell my house fast for cash lincoln,0,4,0.0,68.5
ace property management,0,3,0.0,2.0
we buy houses lenexa kansas,0,3,0.0,7.67
we buy houses lenexa ks,0,3,0.0,12.0
cash for homes jackson county mo,0,3,0.0,12.67
how fast can i get a cash offer for house in kansas city,0,3,0.0,14.0
66109 real estate,0,3,0.0,16.0
sell house fast,0,3,0.0,19.67
house buyers overland park,0,3,0.0,20.67
cash for homes overland park,0,3,0.0,27.67
sell my house fast prairie village,0,3,0.0,27.67
stop foreclosure fast overland park,0,3,0.0,33.33
sell my house fast without fixing it,0,3,0.0,35.33
sell my house as is lenexa kansas,0,3,0.0,36.33
sell my house fast platte city mo,0,3,0.0,36.33
fast cash offer house kansas city,0,3,0.0,38.33
sell my house fast divorce kansas city,0,3,0.0,41.33
sell my house fast grandview mo,0,3,0.0,42.0
sell my house fast oak creek,0,3,0.0,47.33
sell my house fast in kansas,0,3,0.0,48.33
sell my house fast in olathe,0,3,0.0,50.0
sell my house fast in north kansas city missouri,0,3,0.0,56.0
empty properties,0,3,0.0,57.0
sell my home fast in kansas city mo,0,3,0.0,61.0
sell my house in kansas city,0,3,0.0,62.33
fast cash kansas city,0,3,0.0,63.67
empty property management,0,3,0.0,70.67
"ace properties, inc.",0,2,0.0,1.0
how to sell a house fast in kansas city in 2 weeks,0,2,0.0,1.0
how to sell a house fast in kansas city mo in two weeks,0,2,0.0,1.0
real estate consultant,0,2,0.0,1.0
ace townhomes,0,2,0.0,3.5
house sale probate,0,2,0.0,4.5
the ace,0,2,0.0,9.5
houses for sale in 66109,0,2,0.0,13.0
cash home buyer overland,0,2,0.0,18.0
sell my home for cash overland,0,2,0.0,18.0
cash for houses olathe,0,2,0.0,20.5
sell your home fast,0,2,0.0,23.0
quick home sale kansas city,0,2,0.0,26.0
sell my house fast prairie village ks,0,2,0.0,26.0
ace realtor,0,2,0.0,29.0
wedgewood shawnee ks,0,2,0.0,29.0
senior downsizing shawnee ks,0,2,0.0,30.5
sell my house olathe,0,2,0.0,31.0
ace properties & investments llc,0,2,0.0,35.0
buy my house olathe,0,2,0.0,36.0
johnson city sell my house fast for cash,0,2,0.0,36.0
sell my house fast in lenexa kansas,0,2,0.0,37.5
sell my house fast raytown,0,2,0.0,38.0
johnson city sell house fast,0,2,0.0,39.0
cash home buyers olathe ks,0,2,0.0,40.5
sell my house fast gladstone mo,0,2,0.0,40.5
houses for sale 64131,0,2,0.0,45.0
sell my house fast belton mo,0,2,0.0,45.0
olathe ks foreclosures for sale,0,2,0.0,45.5
sell your house fast gladstone,0,2,0.0,46.5
sell my house fast smithville mo,0,2,0.0,49.0
"514 oak street, kansas city, mo",0,2,0.0,49.5
canyon creek point,0,2,0.0,50.0
johnson city sell my house fast,0,2,0.0,50.5
empty homes officer,0,2,0.0,53.0
area real estate advisors,0,2,0.0,56.5
sell my house with bad tenant kansas city,0,2,0.0,61.5
arbor lake lenexa,0,2,0.0,62.0
sell my house fast peculiar mo,0,2,0.0,64.0
sell my house fast fair oaks,0,2,0.0,66.5
kansas city cash flow solutions,0,2,0.0,67.0
avoid foreclosure overland park,0,2,0.0,68.5
sell my house fast in winthrop,0,2,0.0,68.5
sell my house fast springfield mo,0,2,0.0,69.5
sell my house fast annapolis,0,2,0.0,70.5
east west properties llc,0,2,0.0,76.5
sell my house fast smithville,0,2,0.0,80.5
elizabeth city sell my house fast for cash,0,2,0.0,84.0
sell my house fast lincoln,0,2,0.0,91.0
ace builders llc,0,1,0.0,1.0
ace solution,0,1,0.0,1.0
creative properties llc,0,1,0.0,1.0
jace properties llc,0,1,0.0,1.0
ace llc,0,1,0.0,2.0
probate for sale,0,1,0.0,2.0
ac properties,0,1,0.0,3.0
ace real estate & property mgmt,0,1,0.0,3.0
probate property for sale,0,1,0.0,7.0
ace builders,0,1,0.0,9.0
ace professionals,0,1,0.0,10.0
ace realty,0,1,0.0,10.0
probate housing,0,1,0.0,10.0
probate properties for sale,0,1,0.0,10.0
"5113 s benton ave, kansas city, mo",0,1,0.0,11.0
66109 zip code kansas city kansas wyandotte county,0,1,0.0,11.0
ace for house,0,1,0.0,11.0
as is house buyer overland,0,1,0.0,11.0
houses for sale 66109,0,1,0.0,11.0
zip code 66109 kansas city ks,0,1,0.0,11.0
home property solutions,0,1,0.0,12.0
kansas city ks 66109,0,1,0.0,12.0
solutions properties,0,1,0.0,12.0
we buy houses independence mo,0,1,0.0,14.0
probate houses for sale,0,1,0.0,16.0
66109 zip code,0,1,0.0,17.0
sell my house fast,0,1,0.0,19.0
ace estates,0,1,0.0,20.0
sell my house fast in overland park,0,1,0.0,21.0
sell inherited home fast park city ks,0,1,0.0,24.0
sell my house cash overland park ks,0,1,0.0,24.0
sell my house fast mission ks,0,1,0.0,24.0
ace city homes,0,1,0.0,25.0
sell my house fast platte city,0,1,0.0,26.0
two hands homes shawnee ks,0,1,0.0,30.0
sell my house fast kck,0,1,0.0,33.0
foreclosures independence mo,0,1,0.0,34.0
sell my house fast leawood ks,0,1,0.0,36.0
sell house for cash no repairs,0,1,0.0,37.0
sell my house for cash shawnee,0,1,0.0,37.0
sell my arden arcade house fast for cash as-is,0,1,0.0,39.0
how to sell my house fast kansas city,0,1,0.0,40.0
ace realtors,0,1,0.0,41.0
rental property maintenance mission ks,0,1,0.0,41.0
need to sell my home asap,0,1,0.0,42.0
sell my house fast in riverside missouri,0,1,0.0,42.0
sell my house fast lawrence ks,0,1,0.0,43.0
sell your house fast raytown,0,1,0.0,43.0
14805 slater street overland park ks,0,1,0.0,44.0
selling house as is kansas city,0,1,0.0,44.0
sell my house fast liberty mo,0,1,0.0,45.0
sell your house fast in gladstone,0,1,0.0,48.0
sell my house as is fast,0,1,0.0,49.0
sell your house quickly raytown,0,1,0.0,49.0
cedarcrest lenexa,0,1,0.0,50.0
kc foreclosures,0,1,0.0,50.0
ace lettings,0,1,0.0,52.0
we buy houses fast kansas city,0,1,0.0,53.0
kc property connection,0,1,0.0,54.0
need to sell my house asap,0,1,0.0,54.0
we buy houses fast in kansas city missouri,0,1,0.0,54.0
local home buyers in lee's summit mo,0,1,0.0,55.0
i want to sell my house in kansas city missouri,0,1,0.0,58.0
ace property services,0,1,0.0,59.0
kc property solutions,0,1,0.0,59.0
sell my house for cash kansas city kansas,0,1,0.0,60.0
buy my house fast kansas city,0,1,0.0,61.0
sell my house fast dade city,0,1,0.0,61.0
vacant house,0,1,0.0,64.0
sell my house fast in des peres mo,0,1,0.0,66.0
sell my home fast annapolis,0,1,0.0,69.0
sell my house fast kingman,0,1,0.0,69.0
shawnee ks real estate agents,0,1,0.0,69.0
real estate companies shawnee ks,0,1,0.0,71.0
ridgestone meadows,0,1,0.0,71.0
four colonies lenexa ks,0,1,0.0,72.0
preserve at clear creek,0,1,0.0,72.0
sell my florissant mo probate house fast,0,1,0.0,72.0
empty property,0,1,0.0,74.0
cape coral sell my house fast for cash,0,1,0.0,76.0
how to sell a house fast in kansas city,0,1,0.0,77.0
sell your house in kansas city,0,1,0.0,77.0
we buy houses cash shawnee,0,1,0.0,77.0
sell my house fast league city,0,1,0.0,78.0
unoccupied properties,0,1,0.0,78.0
western shawnee ks,0,1,0.0,79.0
sell my house fast st charles missouri,0,1,0.0,81.0
avoid foreclosure in shawnee,0,1,0.0,86.0
polk city sell house fast,0,1,0.0,86.0
dunes at falcon valley,0,1,0.0,89.0
sell my house fast hope mills,0,1,0.0,92.0
sell my house fast atoka,0,1,0.0,99.0
